customer_id,First Name,Last Name,Gender,Email,Marital Status,postalZip,region,country
108775015,Dale,Russell,Male,d.russell@randatmail.com,Single,78-597,Sonora,Colombia
108775044,Heather,Wells,Female,h.wells@randatmail.com,Single,42644,Troms og Finnmark,Peru
108775051,Richard,Ross,Male,r.ross@randatmail.com,Married,274889,Gavleborgs lan,Brazil
110065001,Agata,Spencer,Female,a.spencer@randatmail.com,Married,84280,Liguria,Belgium
110065002,Sophia,Nelson,Female,s.nelson@randatmail.com,Married,56667,Styria,United Kingdom
110065011,Dale,Craig,Male,d.craig@randatmail.com,Married,6328 JF,Friesland,Italy
111565001,Chelsea,Roberts,Female,c.roberts@randatmail.com,Single,64525,Hanai,Norway
111565003,Paul,Hunt,Male,p.hunt@randatmail.com,Single,664239,Trondelag,Brazil
111586001,Anna,Cunningham,Female,a.cunningham@randatmail.com,Single,4361 CW,Gavleborgs lan,Italy
111593001,Marcus,Richardson,Male,m.richardson@randatmail.com,Single,61714,Aberdeenshire,Ireland
111609001,James,Nelson,Male,j.nelson@randatmail.com,Married,8703,Huáběi,Norway
112679048,Joyce,Perry,Female,j.perry@randatmail.com,Married,816512,Nova Scotia,South Korea
112679052,Oscar,Ryan,Male,o.ryan@randatmail.com,Single,17113,Vladimir Oblast,Indonesia
114428026,Harold,Bennett,Male,h.bennett@randatmail.com,Single,556035,Glamorgan,New Zealand
114428030,Vivian,Riley,Female,v.riley@randatmail.com,Single,63892,Veracruz,Vietnam
116379047,Alisa,Martin,Female,a.martin@randatmail.com,Single,901472,La Libertad,Belgium
118458003,Carina,Evans,Female,c.evans@randatmail.com,Single,82681,Nordrhein-Westphalen,India
118458004,Frederick,Spencer,Male,f.spencer@randatmail.com,Married,755129,Arequipa,Indonesia
118458028,Connie,Myers,Female,c.myers@randatmail.com,Single,565888,Flevoland,United Kingdom
118458029,Abraham,Craig,Male,a.craig@randatmail.com,Single,7761-4448,Brandenburg,Russian Federation
118458034,Alexander,Tucker,Male,a.tucker@randatmail.com,Married,127862,Vinh Long,China
118458038,Adam,Wilson,Male,a.wilson@randatmail.com,Married,446744,Queensland,Austria
118458039,Alexia,Brown,Female,a.brown@randatmail.com,Married,176768,New South Wales,Netherlands
120129001,Roland,Cole,Male,r.cole@randatmail.com,Single,27353,Belgorod Oblast,Indonesia
120129014,Jared,Gibson,Male,j.gibson@randatmail.com,Married,8189,Munster,Sweden
120129018,Julia,Harper,Female,j.harper@randatmail.com,Married,938183,Pará,China
120129025,Paul,Martin,Male,p.martin@randatmail.com,Married,1601,Brussels Hoofdstedelijk Gewest,Sweden
123173001,Victoria,Stewart,Female,v.stewart@randatmail.com,Single,748319,Đà Nẵng,Poland
126589006,Vanessa,Carter,Female,v.carter@randatmail.com,Married,114352,Tarapacá,Turkey
126589007,Daniel,Lloyd,Male,d.lloyd@randatmail.com,Married,67774,Special Capital Region of Jakarta,United Kingdom
126589010,Edward,Davis,Male,e.davis@randatmail.com,Single,37111,Niger,Philippines
126589011,Jack,Carter,Male,j.carter@randatmail.com,Single,637939,Tula Oblast,Pakistan
126589012,Brooke,Johnston,Female,b.johnston@randatmail.com,Single,4246,North-East Region,Costa Rica
129085001,Arthur,Brooks,Male,a.brooks@randatmail.com,Married,2148,Nova Scotia,Russian Federation
129085026,Brianna,Carroll,Female,b.carroll@randatmail.com,Single,86347,Trøndelag,Peru
129085027,Byron,Cooper,Male,b.cooper@randatmail.com,Married,Y7P 6T4,Waals-Brabant,Singapore
130035001,Marcus,Howard,Male,m.howard@randatmail.com,Single,275643,Carinthia,Austria
141661022,Adam,Fowler,Male,a.fowler@randatmail.com,Married,516791,Bicol Region,France
141661025,April,Adams,Female,a.adams@randatmail.com,Married,1562,Caithness,South Korea
144993001,Cadie,Scott,Female,c.scott@randatmail.com,Single,42-23,Møre og Romsdal,France
145872001,Tara,Richardson,Female,t.richardson@randatmail.com,Married,11615,Lazio,Singapore
145872037,Eric,Payne,Male,e.payne@randatmail.com,Single,72330,Chocó,Sweden
145872043,Carina,Perry,Female,c.perry@randatmail.com,Married,968144,Şanlıurfa,Netherlands
145872051,Adelaide,Carter,Female,a.carter@randatmail.com,Married,52154,Australian Capital Territory,Vietnam
145872052,Emma,Hamilton,Female,e.hamilton@randatmail.com,Single,7718,Manitoba,Ireland
145872053,Daniel,Carroll,Male,d.carroll@randatmail.com,Married,F29 1UR,Magallanes y Antártica Chilena,Poland
146706001,Grace,Spencer,Female,g.spencer@randatmail.com,Married,7766,Saarland,Nigeria
146706004,Alisa,Craig,Female,a.craig@randatmail.com,Married,65-88,Ancash,Poland
146706005,Oscar,Campbell,Male,o.campbell@randatmail.com,Single,199225,Ceará,Vietnam
146721001,Aiden,Evans,Male,a.evans@randatmail.com,Married,128242,Kaluga Oblast,Sweden
146721002,Roland,Carter,Male,r.carter@randatmail.com,Married,3671,Tyrol,Philippines
146730001,Lyndon,Myers,Male,l.myers@randatmail.com,Single,63252,North Chungcheong,New Zealand
147339034,Alfred,Mitchell,Male,a.mitchell@randatmail.com,Married,62574,Sokoto,Sweden
148033001,Cadie,Craig,Female,c.craig@randatmail.com,Married,796462,Zhōngnán,Germany
148033006,Frederick,Higgins,Male,f.higgins@randatmail.com,Married,1465,Møre og Romsdal,Sweden
150959011,Adison,Casey,Male,a.casey@randatmail.com,Single,6433,Centre,Germany
150959013,Kelvin,Mason,Male,k.mason@randatmail.com,Married,62446-12273,Nam Định,Singapore
153115019,Tara,Robinson,Female,t.robinson@randatmail.com,Single,37973,Flevoland,Indonesia
153115020,Dominik,Miller,Male,d.miller@randatmail.com,Married,21768,Vlaams-Brabant,Sweden
153115021,Sydney,Watson,Female,s.watson@randatmail.com,Single,2688,Maranhão,Indonesia
153115039,Aston,Russell,Male,a.russell@randatmail.com,Married,87723,Gavleborgs lan,Belgium
153115040,Stella,Bailey,Female,s.bailey@randatmail.com,Married,614886,Gavleborgs lan,Germany
153115043,Edwin,Richards,Male,e.richards@randatmail.com,Single,5334,Tyrol,Peru
156224001,Amanda,Evans,Female,a.evans@randatmail.com,Married,22213,British Columbia,Chile
156224002,Chester,Ellis,Male,c.ellis@randatmail.com,Single,4038,Gauteng,Sweden
156227001,Alfred,Kelly,Male,a.kelly@randatmail.com,Married,34615,Bahia,Ireland
156227002,Rubie,Dixon,Female,r.dixon@randatmail.com,Single,631422,Coquimbo,United Kingdom
156231001,Lilianna,Edwards,Female,l.edwards@randatmail.com,Married,40405,Gyeonggi,Peru
156231002,Mike,Hunt,Male,m.hunt@randatmail.com,Single,65634,Central Region,Chile
156289011,April,Richards,Female,a.richards@randatmail.com,Single,2559,Flevoland,United Kingdom
156610001,Cadie,Harrison,Female,c.harrison@randatmail.com,Married,5794,Kerala,Netherlands
156610007,Oliver,Bailey,Male,o.bailey@randatmail.com,Single,62435,South Island,Germany
156610010,Edward,Cooper,Male,e.cooper@randatmail.com,Married,28153,South Island,Norway
158340001,Adrianna,Henderson,Female,a.henderson@randatmail.com,Married,73446,Lào Cai,Poland
160442007,Lucia,Morgan,Female,l.morgan@randatmail.com,Single,26077,Lower Austria,Indonesia
160442010,Elian,Cameron,Male,e.cameron@randatmail.com,Married,3060,North-East Region,Sweden
160442042,Samantha,Andrews,Female,s.andrews@randatmail.com,Single,22180,Flevoland,Ukraine
160442043,Preston,Hill,Male,p.hill@randatmail.com,Married,R6H 1W8,Emilia-Romagna,Brazil
162074062,Miranda,Bailey,Female,m.bailey@randatmail.com,Single,512486,South Jeolla,Sweden
162074069,Briony,Carroll,Female,b.carroll@randatmail.com,Married,386296,Puntarenas,New Zealand
162074071,Connie,Warren,Female,c.warren@randatmail.com,Married,3730,Lambayeque,India
163734002,Adrianna,Bennett,Female,a.bennett@randatmail.com,Single,746607,East Kalimantan,Indonesia
163734054,Arthur,Casey,Male,a.casey@randatmail.com,Married,1343,Oregon,United Kingdom
164912035,Kelsey,Wells,Female,k.wells@randatmail.com,Single,285232,Catalunya,New Zealand
164912039,Frederick,Crawford,Male,f.crawford@randatmail.com,Single,734825,Gyeonggi,Singapore
174057022,Arthur,Wilson,Male,a.wilson@randatmail.com,Single,0753 OA,Central Luzon,Austria
174057026,Catherine,Henderson,Female,c.henderson@randatmail.com,Married,3715,Huila,Chile
174057027,Daniel,Grant,Male,d.grant@randatmail.com,Married,466758,Campania,Nigeria
174057028,Rosie,Harper,Female,r.harper@randatmail.com,Married,881181,Carinthia,Colombia
174057029,Sienna,Douglas,Female,s.douglas@randatmail.com,Married,211823,Drenthe,New Zealand
174057030,Frederick,Perry,Male,f.perry@randatmail.com,Married,20610,KwaZulu-Natal,Australia
174057032,Tara,Davis,Female,t.davis@randatmail.com,Married,48-22,South Island,India
174057033,Violet,Riley,Female,v.riley@randatmail.com,Married,33604,Tyrol,Colombia
174057035,Lydia,Chapman,Female,l.chapman@randatmail.com,Single,725267,Gauteng,South Korea
174057036,Charlie,Stevens,Male,c.stevens@randatmail.com,Single,772265,Eastern Cape,Austria
174057037,Eleanor,Dixon,Female,e.dixon@randatmail.com,Single,43127,Dōngběi,Singapore
174057038,James,Allen,Male,j.allen@randatmail.com,Married,9827-6664,Quebec,South Africa
174057039,Aida,Barnes,Female,a.barnes@randatmail.com,Married,455128,Zakarpattia oblast,Nigeria
174057040,Dominik,Wright,Male,d.wright@randatmail.com,Single,78544,Ceuta,Netherlands
176209023,Lucy,Rogers,Female,l.rogers@randatmail.com,Single,23157-572,Limón,China
176209025,Max,Stewart,Male,m.stewart@randatmail.com,Single,4411,Cartago,Australia
176209033,Darcy,Grant,Female,d.grant@randatmail.com,Single,58648,Dalarnas län,New Zealand
176209035,Edgar,Richards,Male,e.richards@randatmail.com,Single,30779,Vladimir Oblast,Austria
176209039,Sarah,Ellis,Female,s.ellis@randatmail.com,Single,582547,Central Visayas,Chile
176209040,Valeria,Murphy,Female,v.murphy@randatmail.com,Single,6294,Burgenland,Colombia
176209044,Hailey,Ross,Female,h.ross@randatmail.com,Single,608267,Vorarlberg,Nigeria
176209046,Jessica,Alexander,Female,j.alexander@randatmail.com,Single,9528,Saarland,Indonesia
176550016,Richard,Myers,Male,r.myers@randatmail.com,Single,7841 SI,Lviv oblast,Russian Federation
176550017,Valeria,Douglas,Female,v.douglas@randatmail.com,Single,810,Sumy oblast,Ireland
176550018,Adrianna,Howard,Female,a.howard@randatmail.com,Married,6836 MM,Coquimbo,Vietnam
176550020,Alina,Hall,Female,a.hall@randatmail.com,Single,8344,Gauteng,New Zealand
176550021,Kristian,Holmes,Male,k.holmes@randatmail.com,Single,38341,Xīnán,Pakistan
176754001,James,Holmes,Male,j.holmes@randatmail.com,Married,13958,Cajamarca,Netherlands
176754003,Jessica,Morrison,Female,j.morrison@randatmail.com,Married,883794,łódzkie,Germany
176754019,Freddie,Henderson,Male,f.henderson@randatmail.com,Single,BP17 0GL,Akwa Ibom,Austria
179123001,Florrie,Morrison,Female,f.morrison@randatmail.com,Married,773412,Calabarzon,Canada
179123040,Kelvin,Murray,Male,k.murray@randatmail.com,Single,956467,Madrid,Chile
179208001,Albert,Bennett,Male,a.bennett@randatmail.com,Married,4571,Jharkhand,New Zealand
179208008,Hailey,Campbell,Female,h.campbell@randatmail.com,Married,H4P 7R4,Maharastra,South Korea
179393001,Alexander,Moore,Male,a.moore@randatmail.com,Married,428924,West Region,Germany
179393018,Carlos,Howard,Male,c.howard@randatmail.com,Single,94-28,Xīběi,South Africa
179950001,Anna,Higgins,Female,a.higgins@randatmail.com,Single,93125,Tripura,Netherlands
179950002,Sophia,Russell,Female,s.russell@randatmail.com,Single,14766,Saratov Oblast,Sweden
179950017,Carl,Jones,Male,c.jones@randatmail.com,Married,22315,North Island,Italy
181160009,Honey,Cameron,Female,h.cameron@randatmail.com,Married,364161,Sikkim,Germany
181448022,Sam,Holmes,Male,s.holmes@randatmail.com,Married,5446,Tarapacá,Mexico
181448102,Byron,Hill,Male,b.hill@randatmail.com,Single,7608,Minnesota,Colombia
181448103,Elise,Brown,Female,e.brown@randatmail.com,Married,61-620,Henegouwen,United States
181448104,Dominik,Carter,Male,d.carter@randatmail.com,Married,74767,KwaZulu-Natal,South Korea
181448105,Briony,Morrison,Female,b.morrison@randatmail.com,Married,91208,British Columbia,New Zealand
181448106,Cadie,Morrison,Female,c.morrison@randatmail.com,Married,Y3E 6Y8,South Island,Italy
181448109,Oscar,Allen,Male,o.allen@randatmail.com,Married,471013,Vorarlberg,Brazil
182909001,Alberta,Douglas,Female,a.douglas@randatmail.com,Married,17972,Oaxaca,Turkey
183815013,Edwin,Mason,Male,e.mason@randatmail.com,Single,9219,Chernihiv oblast,Brazil
184121021,Edward,Brown,Male,e.brown@randatmail.com,Single,989144,South Kalimantan,Canada
184123020,Florrie,Casey,Female,f.casey@randatmail.com,Married,3753,Sindh,Norway
184583014,Carina,Wright,Female,c.wright@randatmail.com,Married,28-465,Extremadura,Colombia
186262001,Jack,Anderson,Male,j.anderson@randatmail.com,Married,6870 WR,Vienna,Indonesia
186262006,Amelia,Morrison,Female,a.morrison@randatmail.com,Married,5241,Rogaland,Ukraine
186262007,Violet,Johnson,Female,v.johnson@randatmail.com,Married,756134,North-East Region,Australia
186262013,Dominik,Riley,Male,d.riley@randatmail.com,Single,14-25,Jeju,Netherlands
186264014,Charlotte,Farrell,Female,c.farrell@randatmail.com,Married,9371 QE,Connecticut,Vietnam
186264015,Albert,Williams,Male,a.williams@randatmail.com,Single,8248-7023,Aragón,Pakistan
186264016,Amanda,Perry,Female,a.perry@randatmail.com,Single,754951,Atlántico,Pakistan
186266004,Olivia,Harrison,Female,o.harrison@randatmail.com,Married,25-43,Puebla,Russian Federation
186267001,Adelaide,Brown,Female,a.brown@randatmail.com,Single,656414,Vĩnh Long,India
186372011,Edward,Farrell,Male,e.farrell@randatmail.com,Married,479535,Podlaskie,Italy
186372042,Evelyn,West,Female,e.west@randatmail.com,Married,1641-5570,Henegouwen,Russian Federation
186372045,Aston,Smith,Male,a.smith@randatmail.com,Married,70825,North Chungcheong,United States
186595001,Blake,Thomas,Male,b.thomas@randatmail.com,Married,88410-835,Lazio,Turkey
187949016,Agata,Phillips,Female,a.phillips@randatmail.com,Married,59892,Vlaams-Brabant,Poland
187949019,Madaline,Fowler,Female,m.fowler@randatmail.com,Single,1163,Overijssel,Brazil
187949020,Edgar,Stewart,Male,e.stewart@randatmail.com,Married,8694,Davao Region,Singapore
187949025,Edward,Howard,Male,e.howard@randatmail.com,Married,5278,Jammu and Kashmir,New Zealand
187949026,Victoria,Howard,Female,v.howard@randatmail.com,Married,91-886,Antwerpen,France
187949028,Antony,Robinson,Male,a.robinson@randatmail.com,Married,87688,Daman and Diu,South Korea
187949029,Miranda,Scott,Female,m.scott@randatmail.com,Single,326267,Västra Götalands län,Ireland
187949030,Alford,Kelley,Male,a.kelley@randatmail.com,Single,84-75,Pará,Brazil
187949031,Annabella,Chapman,Female,a.chapman@randatmail.com,Married,29962,Berwickshire,Philippines
187949032,Lily,Campbell,Female,l.campbell@randatmail.com,Single,53287,Baden Württemberg,Singapore
188183001,Marcus,Walker,Male,m.walker@randatmail.com,Married,577780,Central Sulawesi,Austria
188183008,Melissa,Miller,Female,m.miller@randatmail.com,Married,11-584,Picardie,Turkey
188183009,Dominik,Richardson,Male,d.richardson@randatmail.com,Single,3776,Antofagasta,Nigeria
188183010,Victor,Campbell,Male,v.campbell@randatmail.com,Married,33244,Clackmannanshire,China
188183012,Audrey,Stewart,Female,a.stewart@randatmail.com,Single,B2 1BL,Salzburg,South Africa
188183014,Kelsey,Dixon,Female,k.dixon@randatmail.com,Married,848426,Oklahoma,Sweden
188183015,Richard,Scott,Male,r.scott@randatmail.com,Single,9713,Caraga,Ukraine
188183016,Patrick,Lloyd,Male,p.lloyd@randatmail.com,Single,836555,North Island,Singapore
188183018,Edgar,Murray,Male,e.murray@randatmail.com,Single,2383 DW,Gävleborgs län,Belgium
188183020,Ryan,Gibson,Male,r.gibson@randatmail.com,Single,32524,Overijssel,Canada
188183021,Jacob,Hunt,Male,j.hunt@randatmail.com,Married,5316,Puno,France
188183022,Max,Jones,Male,m.jones@randatmail.com,Single,155776,West-Vlaanderen,Peru
188183023,Rafael,Campbell,Male,r.campbell@randatmail.com,Single,75-23,Tabasco,Norway
189383001,Miller,Hall,Male,m.hall@randatmail.com,Single,7362,East Region,New Zealand
189383014,Tiana,Mason,Female,t.mason@randatmail.com,Single,89-836,Coahuila,Chile
189616001,Alina,Scott,Female,a.scott@randatmail.com,Single,21455,Dōngběi,Pakistan
189616006,Carina,Brooks,Female,c.brooks@randatmail.com,Single,21344,Noord Holland,United States
189616007,Kelvin,Williams,Male,k.williams@randatmail.com,Single,0786-5452,Andalucía,Ireland
189616008,Henry,Adams,Male,h.adams@randatmail.com,Single,741475,Leinster,Poland
189616009,Miley,Hunt,Female,m.hunt@randatmail.com,Married,242631,Bourgogne,Costa Rica
189616014,Miller,Harper,Male,m.harper@randatmail.com,Married,164303,Gauteng,United Kingdom
189616015,Connie,Brown,Female,c.brown@randatmail.com,Single,3312,Castilla y León,Ukraine
189616016,Edward,Adams,Male,e.adams@randatmail.com,Married,FH1 3YF,Hải Dương,Italy
189616028,Mary,Douglas,Female,m.douglas@randatmail.com,Married,55J 4C8,Guanacaste,United Kingdom
189616032,Aston,Warren,Male,a.warren@randatmail.com,Married,18580,FATA,Norway
189616038,Kevin,Sullivan,Male,k.sullivan@randatmail.com,Single,4633,Limpopo,Norway
189626001,Oliver,Alexander,Male,o.alexander@randatmail.com,Single,856718,Punjab,Ukraine
189634001,Stuart,Morrison,Male,s.morrison@randatmail.com,Single,7268,Trentino-Alto Adige,Norway
189634031,Darcy,Hunt,Female,d.hunt@randatmail.com,Single,WF3 3LS,Henegouwen,United States
189654001,Tony,Perkins,Male,t.perkins@randatmail.com,Married,FW5E 2JG,Wisconsin,United Kingdom
189654045,Amber,Owens,Female,a.owens@randatmail.com,Married,T4X 9W3,Coahuila,Italy
189654046,Clark,Foster,Male,c.foster@randatmail.com,Married,632581,Bolívar,Ukraine
189654047,Derek,Armstrong,Male,d.armstrong@randatmail.com,Married,15012,South Chungcheong,Brazil
189691033,Julia,Chapman,Female,j.chapman@randatmail.com,Married,22874,North-East Region,India
189691044,Julian,Wright,Male,j.wright@randatmail.com,Married,44016,California,India
189691051,Melissa,Kelly,Female,m.kelly@randatmail.com,Single,2161,Central Luzon,Brazil
189691063,Eleanor,Jones,Female,e.jones@randatmail.com,Married,164499,Murmansk Oblast,United Kingdom
189691067,Chloe,Nelson,Female,c.nelson@randatmail.com,Single,YO81 4ZM,North Island,Mexico
189691075,Ted,Myers,Male,t.myers@randatmail.com,Married,3354,Delaware,Costa Rica
